column,definition
HRMNZD_CUST_GRPNG_NM,"HRMNZD_CUST_GRPNG_NM represents the Customer Grouping Name for the Retail systems. It is a field in the dim_customer table that provides information about the grouping or categorization of customers. This field helps in analyzing and segmenting the customer base based on different criteria such as demographics, purchase behavior, loyalty program participation, and other relevant factors. The Customer Grouping Name is an important attribute that enables the Retail company to understand and target specific customer groups for marketing campaigns, personalized experiences, and customer analytics."
CSTM_HRCHY_LVL_1_NM,"CSTM_HRCHY_LVL_1_NM represents the Customer Hierarchy Level 1 Name. It is a field in the dim_customer table, which is used in the Retail systems to store information about customers. The dim_customer table serves as a dimension table and contains various attributes related to each customer, such as customer ID, name, address, contact information, loyalty program details, purchase history, and more. The Customer Hierarchy Level 1 Name is a specific attribute within this table that helps in understanding and segmenting the customer base. It plays a crucial role in customer analytics, marketing campaigns, and personalized customer experiences in the Retail systems."
CUST_LOCL_ATRBT_2_NM,"CUST_LOCL_ATRBT_2_NM represents the second local attribute name for a customer record. It is a field in the dim_customer table, which is used in Retail systems to store information about customers. The dim_customer table serves as a dimension table, providing additional details and attributes related to each customer. This field helps in understanding and segmenting the customer base, and is used in customer analytics, marketing campaigns, and personalized customer experiences in the Retail systems."
CUST_LOCL_ATRBT_3_NM,"CUST_LOCL_ATRBT_3_NM represents the Customer Local Attribute 3 Name. It is a field in the dim_customer table, which is used in the Retail systems to store information about customers. The dim_customer table serves as a dimension table and contains additional details and attributes related to each customer. This field specifically stores the name of the third local attribute associated with a customer. The dim_customer table is crucial for customer analytics, marketing campaigns, and personalized customer experiences in the Retail systems."
CUST_LOCL_ATRBT_4_NM,"CUST_LOCL_ATRBT_4_NM represents the Customer Local Attribute 4 Name. It is a field in the dim_customer table, which is used in the Retail systems to store information about customers. The dim_customer table serves as a dimension table and contains additional details and attributes related to each customer. This field specifically stores the name of the fourth local attribute for a customer. The dim_customer table is crucial for customer analytics, marketing campaigns, and personalized customer experiences in the Retail systems."
SYS_ID,"SYS_ID is not defined in the provided definitions, however, based on the table context, it is likely a system identifier used in the Retail systems. It may be used to uniquely identify different systems or components within the Retail infrastructure. The SYS_ID could be used for tracking and managing various aspects of the system, such as system configurations, updates, or troubleshooting. It plays a crucial role in ensuring the smooth operation and maintenance of the Retail systems."
SUB_SYS_ID,"SUB_SYS_ID is not defined in the provided definitions, however, based on the table context, it is likely a unique identifier or key that represents a specific subsystem within the Retail systems. This identifier is used to track and manage different subsystems within the Retail systems, allowing for efficient indexing and lookup of specific subsystems. The SUB_SYS_ID may be used in conjunction with other tables in the Retail systems to analyze and report on data specific to a particular subsystem, enabling businesses to make informed decisions and optimize their operations within that subsystem."
CTRY_ISO_CDV,"CTRY_ISO_CDV refers to the Country ISO Code Value. It is a unique identifier that represents the ISO code for a specific country. This code is used to classify and categorize countries based on international standards. The CTRY_ISO_CDV is likely used in the Retail systems to identify and differentiate sales data based on different countries. By using this code, it becomes possible to analyze sales performance and trends on a country level, allowing for effective decision-making and resource allocation in the retail industry."
YR,"YR refers to the year attribute in the dim_time table. The dim_time table is used in Retail systems to store information related to time. It serves as a reference table that contains various attributes and details about different time periods. The table typically includes columns such as date, day of the week, month, quarter, and year. YR specifically represents the year attribute, allowing users to easily filter and aggregate data based on specific years. This attribute is commonly used in data analysis and reporting within the retail industry to gain insights into sales trends, seasonality, and performance over time."
WK,"WK refers to the week within a year in the context of Retail data. It is a time-related attribute that is commonly used in data analysis and reporting within the retail industry. The dim_time table, which stores information related to time, includes the WK column along with other relevant time attributes such as date, day of the week, month, quarter, and year. This table is used to analyze sales, track customer behavior, and monitor performance over different time periods. The WK column allows for easy filtering and grouping of data based on specific weeks, enabling retailers to gain insights into trends, seasonality, and overall business performance."
VRSN,"VRSN is not defined in the provided definitions, however, based on the table context, it is not a retail-related term."
LOCL_CRNCY_CDV,"LOCL_CRNCY_CDV stands for Local Currency Code Value. It is a code that represents the currency used in a specific location or country. This code is used to track and record financial transactions in the local currency. It is an important aspect of financial data in the retail industry as it helps in analyzing sales, revenue, expenses, and profitability in different regions or countries. The LOCL_CRNCY_CDV is likely a column in the dim_finance table, which stores financial information related to the retail business. This table is crucial for analyzing and reporting financial performance, making informed business decisions, and monitoring the financial health of the retail business."
GTM_DESC,"GTM_DESC refers to the description or summary of a go-to-market strategy employed by a retail company. A go-to-market strategy includes various channels and methods used by a company to bring its products or services to the market and reach its target customers. The GTM_DESC provides a brief overview of the strategy, including the channels utilized, target audience, marketing tactics, and performance metrics. By analyzing the GTM_DESC, retail companies can gain insights into the effectiveness of their go-to-market strategies and make informed decisions to optimize their approach and drive sales."
GTM_HRCHY_LVL_1_NM,"GTM_HRCHY_LVL_1_NM refers to the Go-To-Market Hierarchy Level 1 Name. It is a term used in the Retail systems to categorize and organize different go-to-market strategies employed by a retail company. The go-to-market strategies are the various channels and methods used by a company to bring its products or services to the market and reach its target customers. The GTM_HRCHY_LVL_1_NM helps in identifying and classifying these strategies based on their hierarchy level. By analyzing the data associated with GTM_HRCHY_LVL_1_NM, retail companies can gain insights into the performance and effectiveness of their go-to-market strategies, make informed decisions, and optimize their approach to reach their target customers and drive sales."
GTM_HRCHY_LVL_2_NM,"GTM_HRCHY_LVL_2_NM refers to the Go-To-Market Hierarchy Level 2 Name. It is a term used in the Retail systems to categorize and organize the different levels of go-to-market strategies employed by a retail company. The go-to-market hierarchy helps in structuring and managing the various channels and methods used by a company to bring its products or services to the market and reach its target customers. By analyzing the GTM_HRCHY_LVL_2_NM data, retail companies can gain insights into the different levels of their go-to-market strategies and effectively plan and execute their marketing tactics to drive sales and reach their target audience."
PROD_HRCHY_LVL_2_NM,"PROD_HRCHY_LVL_2_NM refers to the Product Hierarchy Level 2 Name. It is a column in the dim_product table that stores the name of the second level of the product hierarchy. The product hierarchy is a way of categorizing products based on their attributes and characteristics. This column helps in organizing and classifying products into different groups or categories, allowing for easier analysis and reporting. It provides valuable insights into the product assortment and helps businesses make informed decisions regarding pricing, marketing, and product management."
PROD_HRCHY_LVL_3_NM,"PROD_HRCHY_LVL_3_NM refers to the Product Hierarchy Level 3 Name. In a retail system, this term represents the name of the third level in the product hierarchy. The product hierarchy is a way of categorizing products based on their attributes and characteristics. It helps in organizing and managing the products effectively.

The Product Hierarchy Level 3 Name is an important attribute that provides information about the specific category or subcategory to which a product belongs. It helps in identifying and grouping similar products together for analysis and reporting purposes.

By analyzing the sales data based on the Product Hierarchy Level 3 Name, retailers can gain insights into the performance of specific categories or subcategories. This information can be used to make informed decisions regarding pricing, inventory management, and marketing strategies.

Overall, the Product Hierarchy Level 3 Name is a crucial element in retail analytics, as it allows retailers to understand the product landscape and make data-driven decisions to drive business growth."
PROD_LOCL_ATRBT_1_NM,"PROD_LOCL_ATRBT_1_NM refers to the attribute name for a specific local product attribute in the dim_product table. This attribute provides additional information about a product that is specific to a particular location. It could include details such as the availability of the product at a specific store, the local pricing, or any other location-specific characteristics. By analyzing this attribute, retailers can gain insights into the performance of products at different locations and make informed decisions regarding inventory management and pricing strategies."
LOCL_ORG_L1_NM,LOCL_ORG_L1_NM represents the name of a specific local organizational entity within the retail system. It is a key attribute used to identify and differentiate different local organizations. This information is likely used in conjunction with other tables in the retail systems to provide a comprehensive view of the local organizations involved in the retail operations.
LOCL_ORG_HRCHY_LVL_1_NM,LOCL_ORG_HRCHY_LVL_1_NM refers to the name of the first level of hierarchy within the local organizational entities in the Retail system. It is a unique identifier that helps to categorize and differentiate various local organizations. This information is crucial for understanding the structure and organization of the retail operations.
LOCL_ORG_HRCHY_LVL_3_NM,"LOCL_ORG_HRCHY_LVL_3_NM represents the name of the third level in the hierarchy of local organizational entities within the retail system. It is a unique identifier that helps to categorize and differentiate local organizations based on their specific level in the hierarchy. This information is useful for understanding the structure and organization of the retail system, as well as for efficient lookups and analysis of data related to these local organizations."
